{"cameraMode":{"drawMode":0,"name":"Shaded","section":"Shading Mode"},"sceneLighting":true,"audioPlay":false,"sceneViewState":{"m_AlwaysRefresh":false,"showFog":true,"showSkybox":true,"showFlares":true,"showImageEffects":true,"showParticleSystems":true,"showVisualEffectGraphs":true,"m_FxEnabled":true},"in2DMode":false,"pivot":{"x":-24.632963180541993,"y":-3.0903735160827638,"z":-1.4707438945770264},"rotation":{"x":0.05447159707546234,"y":-0.7279212474822998,"z":0.058215465396642688,"w":0.681004524230957},"size":14.245433807373047,"orthographic":false}